

INSERT INTO carrera VALUES ("C000",15,4,"AREA COMUN");
INSERT INTO carrera VALUES ("C001",29,10,"SISTEMAS");
INSERT INTO carrera VALUES ("C002",30,10,"CIVIL");
INSERT INTO carrera VALUES ("C003",28,10,"INDUSTRIAL");
INSERT INTO carrera VALUES ("C004",32,10,"MECANICA");

INSERT INTO profesor VALUES ("P001","NOMBRE PROFESOR 1","C001");
INSERT INTO profesor VALUES ("P002","NOMBRE PROFESOR 2","C001");
INSERT INTO profesor VALUES ("P003","NOMBRE PROFESOR 3","C002");
INSERT INTO profesor VALUES ("P004","NOMBRE PROFESOR 4","C001");
INSERT INTO profesor VALUES ("P005","NOMBRE PROFESOR 5","C002");
INSERT INTO profesor VALUES ("P006","NOMBRE PROFESOR 6","C001");
INSERT INTO profesor VALUES ("P007","NOMBRE PROFESOR 7","C002");
INSERT INTO profesor VALUES ("P008","NOMBRE PROFESOR 8","C001");
INSERT INTO profesor VALUES ("P009","NOMBRE PROFESOR 9","C001");
INSERT INTO profesor VALUES ("P010","NOMBRE PROFESOR 10","C002");
INSERT INTO profesor VALUES ("P011","NOMBRE PROFESOR 11","C002");
INSERT INTO profesor VALUES ("P012","NOMBRE PROFESOR 12","C001");


INSERT INTO materia VALUES ("M001","C001","CURSO 1",1,3);
INSERT INTO materia VALUES ("M002","C001","CURSO 2",1,2);
INSERT INTO materia VALUES ("M003","C001","CURSO 3",1,2);
INSERT INTO materia VALUES ("M004","C001","CURSO 4",1,2);

INSERT INTO materia VALUES ("M005","C001","CURSO 1",3,3);
INSERT INTO materia VALUES ("M006","C001","CURSO 2",3,3);
INSERT INTO materia VALUES ("M007","C001","CURSO 3",3,3);
INSERT INTO materia VALUES ("M008","C001","CURSO 4",3,3);

INSERT INTO materia VALUES ("M009","C001","CURSO 1",5,3);
INSERT INTO materia VALUES ("M010","C001","CURSO 2",5,3);
INSERT INTO materia VALUES ("M011","C001","CURSO 3",5,3);
INSERT INTO materia VALUES ("M012","C001","CURSO 4",5,3);

INSERT INTO materia VALUES ("M013","C002","CURSO 1",1,2);
INSERT INTO materia VALUES ("M014","C002","CURSO 2",1,2);
INSERT INTO materia VALUES ("M015","C002","CURSO 3",1,2);
INSERT INTO materia VALUES ("M016","C002","CURSO 3",1,2);

INSERT INTO materia VALUES ("M017","C002","CURSO 1",3,2);
INSERT INTO materia VALUES ("M018","C002","CURSO 2",3,2);
INSERT INTO materia VALUES ("M019","C002","CURSO 3",3,2);

INSERT INTO materia VALUES ("M020","C002","CURSO 4",5,3);
INSERT INTO materia VALUES ("M021","C002","CURSO 1",5,2);
INSERT INTO materia VALUES ("M022","C002","CURSO 2",5,3);
INSERT INTO materia VALUES ("M023","C002","CURSO 2",5,3);

INSERT INTO salon VALUES ("A001","NOMBRE SALON 1",35);
INSERT INTO salon VALUES ("A002","NOMBRE SALON 2",55);
INSERT INTO salon VALUES ("A003","NOMBRE SALON 3",15);
INSERT INTO salon VALUES ("A004","NOMBRE SALON 4",35);
INSERT INTO salon VALUES ("A005","NOMBRE SALON 5",25);
INSERT INTO salon VALUES ("A011","NOMBRE SALON 11",10);
INSERT INTO salon VALUES ("A012","NOMBRE SALON 12",15);
INSERT INTO salon VALUES ("A013","NOMBRE SALON 13",12);
INSERT INTO salon VALUES ("A014","NOMBRE SALON 14",23);
INSERT INTO salon VALUES ("A015","NOMBRE SALON 15",45);

INSERT INTO contrato VALUES ("C-P001","P001",TIME("14:00"),TIME("15:00"),'2023-01-01','2023-12-15');
INSERT INTO contrato VALUES ("C-P002","P001",TIME("17:00"),TIME("19:00"),'2023-01-01','2023-12-15');
INSERT INTO contrato VALUES ("C-P003","P002",TIME("12:00"),TIME("20:00"),'2023-01-01','2023-12-15');
INSERT INTO contrato VALUES ("C-P004","P003",TIME("12:00"),TIME("20:00"),'2023-01-01','2023-12-15');
INSERT INTO contrato VALUES ("C-P005","P004",TIME("12:00"),TIME("20:00"),'2023-01-01','2023-12-15');
INSERT INTO contrato VALUES ("C-P006","P005",TIME("12:00"),TIME("20:00"),'2023-01-01','2023-12-15');
INSERT INTO contrato VALUES ("C-P007","P005",TIME("12:00"),TIME("20:00"),'2023-01-01','2023-12-15');

INSERT INTO preAsignacion VALUES ("PA001","M001",145);
INSERT INTO preAsignacion VALUES ("PA002","M002",34);
INSERT INTO preAsignacion VALUES ("PA003","M003",34);
INSERT INTO preAsignacion VALUES ("PA004","M004",50);
INSERT INTO preAsignacion VALUES ("PA005","M005",45);
INSERT INTO preAsignacion VALUES ("PA006","M006",30);
INSERT INTO preAsignacion VALUES ("PA007","M007",105);
INSERT INTO preAsignacion VALUES ("PA008","M008",6);
INSERT INTO preAsignacion VALUES ("PA009","M009",124);
INSERT INTO preAsignacion VALUES ("PA010","M010",10);
INSERT INTO preAsignacion VALUES ("PA011","M011",10);
INSERT INTO preAsignacion VALUES ("PA012","M012",12);
INSERT INTO preAsignacion VALUES ("PA013","M013",5);
INSERT INTO preAsignacion VALUES ("PA014","M014",125);
INSERT INTO preAsignacion VALUES ("PA015","M015",20);
INSERT INTO preAsignacion VALUES ("PA016","M016",16);
INSERT INTO preAsignacion VALUES ("PA017","M017",13);
INSERT INTO preAsignacion VALUES ("PA017","M017",13);
INSERT INTO preAsignacion VALUES ("PA017","M017",13);


INSERT INTO prioridadProfesorCurso VALUES ("0","ALTA");
INSERT INTO prioridadProfesorCurso VALUES ("1","BAJA");

INSERT INTO calificacion VALUES ("CAP001","M001","P001","0");
INSERT INTO calificacion VALUES ("CAP002","M002","P001","1");
INSERT INTO calificacion VALUES ("CAP003","M003","P001","0");
INSERT INTO calificacion VALUES ("CAP004","M004","P001","0");
INSERT INTO calificacion VALUES ("CAP005","M005","P001","1");


INSERT INTO calificacion VALUES ("CAP006","M001","P002","0");
INSERT INTO calificacion VALUES ("CAP007","M002","P002","0");
INSERT INTO calificacion VALUES ("CAP008","M005","P002","0");

INSERT INTO calificacion VALUES ("CAP009","M001","P003","1");
INSERT INTO calificacion VALUES ("CAP010","M005","P003","0");
INSERT INTO calificacion VALUES ("CAP011","M004","P003","1");
INSERT INTO calificacion VALUES ("CAP012","M003","P003","0");

INSERT INTO calificacion VALUES ("CAP013","M006","P004","0");
INSERT INTO calificacion VALUES ("CAP014","M007","P004","0");
INSERT INTO calificacion VALUES ("CAP014","M005","P004","1");

INSERT INTO calificacion VALUES ("CAP015","M009","P005","0");
INSERT INTO calificacion VALUES ("CAP016","M008","P005","0");
INSERT INTO calificacion VALUES ("CAP017","M007","P005","0");

INSERT INTO calificacion VALUES ("CAP018","M009","P006","0");
INSERT INTO calificacion VALUES ("CAP019","M010","P006","0");

INSERT INTO calificacion VALUES ("CAP020","M011","P007","0");
INSERT INTO calificacion VALUES ("CAP021","M010","P007","0");

INSERT INTO calificacion VALUES ("CAP020","M011","P008","0");
INSERT INTO calificacion VALUES ("CAP021","M012","P008","1");

INSERT INTO calificacion VALUES ("CAP022","M013","P009","0");
INSERT INTO calificacion VALUES ("CAP023","M014","P009","0");
INSERT INTO calificacion VALUES ("CAP024","M015","P009","0");

INSERT INTO calificacion VALUES ("CAP025","M017","P010","0");
INSERT INTO calificacion VALUES ("CAP026","M016","P010","0");

INSERT INTO calificacion VALUES ("CAP027","M018","P011","0");
INSERT INTO calificacion VALUES ("CAP028","M019","P011","1");
INSERT INTO calificacion VALUES ("CAP029","M020","P011","0");

INSERT INTO calificacion VALUES ("CAP030","M021","P012","1");
INSERT INTO calificacion VALUES ("CAP031","M022","P012","1");
INSERT INTO calificacion VALUES ("CAP032","M023","P012","1");

INSERT INTO parametro VALUES ("tiempoPeriodo","DURACION PERIODOS MIN",60);
INSERT INTO parametro VALUES ("MNP","CANTIDAD MINIMA PREASIGNADOS",5);
INSERT INTO parametro VALUES ("maximoOcupacionSalon","% de ocupacion maxima de salon ",20);
INSERT INTO parametro VALUES ("minmoSecciones","% de ocupacion minima de salon ",10);
INSERT INTO parametro VALUES ("maximoSecciones","Maximo secciones",3);
INSERT INTO parametro VALUES ("secciones","Habilita o la opcion de analisis con secciones",0);


select a.codigo, p.numeroAsignaciones, a.semestre, a.codigoCarrera from materia as a inner join preAsignacion as p where a.codigo = p.codigoMateria order by a.codigoCarrera,a.semestre;